[
	{
		"name":"default_10_fcbgp",
		"type":"billboard_ex2",
		"path":"",
		"fps":20,
		"frameCnt1Loop":1,
		"rotationType":0,
		"triggerstart":"newface",
		"startaction":"null",
		"needkeepfaceaction":1,
		"triggerend":"default",
		"endaction":"null",
		"looptype":"infinite",
		"loopcnt":1,
		"nodetype":0,
		"root":-1,
		"enable_depth_test":1,
		"triggerNextNodes":[],
		"childNodes":[],
		"base_vertex":-2,
		"texture_frames":[
			{
				"v":[-312.500000,538.646790,518.000000,311.523438,538.646790,518.000000,311.523438,-571.625000,518.000000,-312.500000,-571.625000,518.000000],
				"vt":[0.000488,0.999121,0.312988,0.999121,0.312988,0.000879,0.000488,0.000879],
				"bigtexidx":0
			}
		]
	}
]