{
"ofs_vbo_dyn":[0,0],
"ofs_bs_deltas":[0,0],
"ofs_bs_add_ranges":[0,0],
"ofs_bs_padd_ranges":[0,0],
"ofs_vbo_static":[0,580608],
"ofs_ebo":[580608,80412],
"drawcalls":[
{"name":"bs0:bs01",
"ofs_PN":162792,
"ofs_st":232560,
"ofs_ebo":0,
"count":2882,
"is_dynamic":0, 
"is_eye":0,
"is_ebo_32bit":0,
"p_bs_padd_ranges":0,
"P_center":[0.000009,73.148003,-3.569101],
"scales":[82.351532,204.200668,74.881378],
"alt_streams":[
{"name":"weight","ofs":0,"channels":1},
{"name":"dPds","ofs":23256,"channels":3},
{"name":"dPdt","ofs":93024,"channels":3}
],
"mat":{
"Kd":[0.000000,0.000000,0.000000],
"Ka":0.590000,
"Ks":0.000000,
"Ns":200.000000,
"tex":"bs0.webp"
}},

{"name":"body",
"ofs_PN":442676,
"ofs_st":512792,
"ofs_ebo":17292,
"count":9760,
"is_dynamic":0, 
"is_eye":0,
"is_ebo_32bit":0,
"p_bs_padd_ranges":0,
"P_center":[0.518956,-236.835236,0.145584],
"scales":[193.341888,434.658478,92.697075],
"alt_streams":[
{"name":"weight","ofs":279072,"channels":1},
{"name":"dPds","ofs":302444,"channels":3},
{"name":"dPdt","ofs":372560,"channels":3}
],
"mat":{
"Kd":[0.000000,0.000000,0.000000],
"Ka":0.000000,
"Ks":0.000000,
"Ns":0.000000,
"tex":"zhiheren.webp"
}},

{"name":"face_hack",
"ofs_PN":571828,
"ofs_st":577096,
"ofs_ebo":75852,
"count":760,
"is_dynamic":0, 
"is_eye":0,
"is_ebo_32bit":0,
"p_bs_padd_ranges":0,
"P_center":[-0.305553,21.985144,0.696645],
"scales":[67.474861,123.476486,22.900084],
"alt_streams":[
{"name":"weight","ofs":559536,"channels":1},
{"name":"dPds","ofs":561292,"channels":3},
{"name":"dPdt","ofs":566560,"channels":3}
],
"mat":{
"Kd":[0.500000,0.500000,0.500000],
"Ka":0.000000,
"Ks":0.000000,
"Ns":0.000000,
"tex":"white.png"
}}
]}